,province,totalpop,workageshare,year
1,10,5584963,0.768719792,1996
2,11,948233,0.785915601,1996
3,12,783584,0.734459,1996
4,13,550920,0.725985779,1996
5,14,714656,0.666361615,1996
6,15,288037,0.661874369,1996
7,16,749487,0.675878065,1996
8,17,225003,0.635552083,1996
9,18,351590,0.662393169,1996
10,19,577768,0.692666456,1996
11,20,1009041,0.719714653,1996
12,21,490137,0.708186068,1996
13,22,479104,0.69052875,1996
14,23,210054,0.673278369,1996
15,24,621875,0.694601488,1996
16,25,432251,0.632209881,1996
17,26,239884,0.662493982,1996
18,27,515453,0.623509109,1996
19,30,2494516,0.670137245,1996
20,31,1476984,0.646687027,1996
21,32,1359549,0.642320213,1996
22,33,1410002,0.63473033,1996
23,34,1717172,0.633852364,1996
24,35,546966,0.653540728,1996
25,36,1103170,0.665139698,1996
26,37,357334,0.648462479,1996
27,39,481725,0.614500731,1996
28,40,1672399,0.660301028,1996
29,41,1470888,0.665156029,1996
30,42,626566,0.672370823,1996
31,43,881098,0.657215576,1996
32,44,919615,0.68676659,1996
33,45,1302422,0.643334967,1996
34,46,968715,0.665283017,1996
35,47,1067868,0.679465757,1996
36,48,696620,0.644840267,1996
37,49,322591,0.626077158,1996
38,50,1564438,0.703829111,1996
39,51,406064,0.721118299,1996
40,52,804695,0.697211856,1996
41,53,479642,0.674483702,1996
42,54,494192,0.688612264,1996
43,55,480771,0.676187558,1996
44,56,517850,0.670931811,1996
45,57,1253202,0.691239932,1996
46,58,226922,0.650297552,1996
47,60,1124270,0.660209266,1996
48,61,326997,0.661588672,1996
49,62,745751,0.659087513,1996
50,63,461508,0.686087967,1996
51,64,616243,0.675038746,1996
52,65,853890,0.673454575,1996
53,66,597202,0.6640995,1996
54,67,1032662,0.677939916,1996
55,70,807164,0.688529019,1996
56,71,756528,0.667935355,1996
57,72,847867,0.668883618,1996
58,73,742232,0.720031689,1996
59,74,399072,0.734129105,1996
60,75,207535,0.672342021,1996
61,76,450040,0.679595482,1996
62,77,463132,0.678027172,1996
63,80,1503156,0.631638379,1996
64,81,338845,0.652748506,1996
65,82,227914,0.645573065,1996
66,83,214633,0.73710009,1996
67,84,843111,0.656148512,1996
68,85,147381,0.668428459,1996
69,86,439996,0.664175063,1996
70,90,1166519,0.679433558,1996
71,91,250477,0.637394785,1996
72,92,564660,0.652104377,1996
73,93,494745,0.657906911,1996
74,94,582120,0.626987089,1996
75,95,402558,0.666439553,1996
76,96,631958,0.616297834,1996
77,10,5823490,0.674636515,2001
78,11,1020424,0.693506817,2001
79,12,891177,0.709766971,2001
80,13,682961,0.70541949,2001
81,14,743517,0.670966501,2001
82,15,290127,0.683679906,2001
83,16,768797,0.686501118,2001
84,17,223777,0.690835072,2001
85,18,351680,0.699018995,2001
86,19,615573,0.642112308,2001
87,20,1116879,0.664363821,2001
88,21,538233,0.644369632,2001
89,22,501311,0.651787014,2001
90,23,225360,0.646964856,2001
91,24,646547,0.672586834,2001
92,25,450481,0.666452081,2001
93,26,250802,0.676226665,2001
94,27,536708,0.680444488,2001
95,30,2589157,0.678146594,2001
96,31,1537888,0.673075022,2001
97,32,1395661,0.675191898,2001
98,33,1455133,0.688047072,2001
99,34,1784714,0.667642547,2001
100,35,553657,0.699093482,2001
101,36,1134632,0.69389811,2001
102,37,368825,0.692512709,2001
103,39,497887,0.703004899,2001
104,40,1762029,0.703721675,2001
105,41,1540932,0.692569172,2001
106,42,633348,0.675161207,2001
107,43,907164,0.68521899,2001
108,44,942488,0.714086545,2001
109,45,1322407,0.707810077,2001
110,46,987800,0.700752177,2001
111,47,1104081,0.701048202,2001
112,48,720583,0.671263408,2001
113,49,336353,0.684625973,2001
114,50,1611046,0.661987926,2001
115,51,406867,0.711404464,2001
116,52,803254,0.703571971,2001
117,53,485052,0.702248419,2001
118,54,487304,0.723730977,2001
119,55,487722,0.688859637,2001
120,56,510377,0.707798353,2001
121,57,1266211,0.620311307,2001
122,58,237310,0.567308584,2001
123,60,1133397,0.671723147,2001
124,61,334565,0.684443979,2001
125,62,769256,0.664799495,2001
126,63,499945,0.592165138,2001
127,64,625577,0.705368004,2001
128,65,879623,0.682503754,2001
129,66,593668,0.671565589,2001
130,67,1041316,0.676708127,2001
131,70,828474,0.659278384,2001
132,71,795534,0.630216936,2001
133,72,862884,0.678654373,2001
134,73,797511,0.679563041,2001
135,74,437864,0.674325818,2001
136,75,204939,0.654750926,2001
137,76,459370,0.670607571,2001
138,77,483683,0.671375674,2001
139,80,1533063,0.658239746,2001
140,81,372429,0.649345244,2001
141,82,237868,0.672499033,2001
142,83,262300,0.679565383,2001
143,84,923721,0.650809065,2001
144,85,162487,0.644703884,2001
145,86,469732,0.668791992,2001
146,90,1261572,0.652439972,2001
147,91,267437,0.645516514,2001
148,92,597679,0.651240883,2001
149,93,503913,0.672246995,2001
150,94,619163,0.60515244,2001
151,95,451935,0.596831403,2001
152,96,690430,0.610137161,2001
153,10,5906025,0.671947714,2002
154,11,1042165,0.690019335,2002
155,12,916675,0.705136499,2002
156,13,714435,0.703792507,2002
157,14,750842,0.669937217,2002
158,15,291495,0.681740682,2002
159,16,773444,0.68528814,2002
160,17,224403,0.688609332,2002
161,18,351737,0.697035001,2002
162,19,623964,0.64113154,2002
163,20,1146270,0.663006098,2002
164,21,549167,0.647768347,2002
165,22,508115,0.654277083,2002
166,23,226188,0.647854882,2002
167,24,653454,0.67132652,2002
168,25,455711,0.667038979,2002
169,26,252081,0.67840099,2002
170,27,542023,0.682376947,2002
171,30,2613036,0.677551323,2002
172,31,1552113,0.673606239,2002
173,32,1404696,0.674105287,2002
174,33,1464601,0.68833696,2002
175,34,1799653,0.668714469,2002
176,35,555328,0.700479716,2002
177,36,1142188,0.69696845,2002
178,37,371304,0.693768448,2002
179,39,500807,0.702603997,2002
180,40,1776594,0.703277733,2002
181,41,1553330,0.693134105,2002
182,42,636852,0.677414847,2002
183,43,914436,0.684289551,2002
184,44,946858,0.714001466,2002
185,45,1328120,0.708176219,2002
186,46,993844,0.702121258,2002
187,47,1111559,0.701368079,2002
188,48,723673,0.671427565,2002
189,49,338943,0.686634626,2002
190,50,1609271,0.662361405,2002
191,51,408456,0.712106078,2002
192,52,803486,0.704358259,2002
193,53,486594,0.700713531,2002
194,54,486469,0.724590878,2002
195,55,488500,0.692610031,2002
196,56,510497,0.708415524,2002
197,57,1278542,0.621583804,2002
198,58,240478,0.567498898,2002
199,60,1138032,0.670946863,2002
200,61,337239,0.684081616,2002
201,62,771530,0.666543103,2002
202,63,508860,0.591541878,2002
203,64,627522,0.70441355,2002
204,65,880961,0.681312794,2002
205,66,595372,0.669237048,2002
206,67,1048590,0.675406021,2002
207,70,835204,0.661270779,2002
208,71,806754,0.630430094,2002
209,72,868192,0.678999576,2002
210,73,809404,0.680059649,2002
211,74,446353,0.672875504,2002
212,75,205849,0.657894865,2002
213,76,461876,0.672498679,2002
214,77,490018,0.672189593,2002
215,80,1543235,0.659166621,2002
216,81,378931,0.653461976,2002
217,82,239931,0.673968766,2002
218,83,271976,0.677982616,2002
219,84,940644,0.651017813,2002
220,85,164176,0.646184582,2002
221,86,475441,0.668749645,2002
222,90,1286725,0.656608833,2002
223,91,271634,0.647069218,2002
224,92,604623,0.65461949,2002
225,93,505890,0.6752377,2002
226,94,629277,0.603174755,2002
227,95,460794,0.595995174,2002
228,96,700597,0.610934674,2002
229,10,6003888,0.668044607,2003
230,11,1062822,0.689034476,2003
231,12,941437,0.7011526,2003
232,13,744996,0.704618548,2003
233,14,754925,0.670053317,2003
234,15,292390,0.679650467,2003
235,16,776241,0.685055286,2003
236,17,224218,0.687460418,2003
237,18,351119,0.694735973,2003
238,19,628309,0.641251359,2003
239,20,1177661,0.662637211,2003
240,21,560147,0.650745251,2003
241,22,512963,0.658552371,2003
242,23,226586,0.647731987,2003
243,24,657457,0.671796026,2003
244,25,457901,0.668675107,2003
245,26,253367,0.679165006,2003
246,27,545560,0.68366999,2003
247,30,2601793,0.685508417,2003
248,31,1557974,0.672395046,2003
249,32,1414687,0.669266771,2003
250,33,1473773,0.687061033,2003
251,34,1817296,0.665069972,2003
252,35,555067,0.702275581,2003
253,36,1144705,0.692188817,2003
254,37,371969,0.696211243,2003
255,39,503210,0.703652551,2003
256,40,1785085,0.702709395,2003
257,41,1564799,0.692140652,2003
258,42,627941,0.688848156,2003
259,43,917307,0.682484708,2003
260,44,949829,0.712207145,2003
261,45,1331114,0.717122651,2003
262,46,1000408,0.700487201,2003
263,47,1118982,0.69860105,2003
264,48,713211,0.689221002,2003
265,49,339936,0.688806128,2003
266,50,1621677,0.660862798,2003
267,51,410718,0.71280051,2003
268,52,800981,0.705920615,2003
269,53,483893,0.702101498,2003
270,54,483900,0.725255218,2003
271,55,483319,0.701815985,2003
272,56,504212,0.716428804,2003
273,57,1222065,0.649488366,2003
274,58,238939,0.575954532,2003
275,60,1127043,0.676473746,2003
276,61,340617,0.6739417,2003
277,62,778330,0.65893901,2003
278,63,499734,0.608561755,2003
279,64,621688,0.707885628,2003
280,65,884027,0.680007511,2003
281,66,602027,0.655761286,2003
282,67,1063977,0.663455131,2003
283,70,840874,0.662378668,2003
284,71,804183,0.637935644,2003
285,72,871393,0.682478514,2003
286,73,823617,0.678838586,2003
287,74,453015,0.672383917,2003
288,75,204841,0.660775919,2003
289,76,462631,0.673824279,2003
290,77,494747,0.671541212,2003
291,80,1544898,0.660112836,2003
292,81,385081,0.658609487,2003
293,82,241414,0.674940144,2003
294,83,280968,0.678853108,2003
295,84,960424,0.65225567,2003
296,85,165936,0.643091312,2003
297,86,479727,0.669359865,2003
298,90,1300282,0.659823792,2003
299,91,274770,0.650398515,2003
300,92,609519,0.656640728,2003
301,93,506582,0.676603196,2003
302,94,636486,0.605686535,2003
303,95,466672,0.602605256,2003
304,96,709258,0.615211954,2003
305,10,5631321,0.713348431,2004
306,11,1049369,0.712779775,2004
307,12,942312,0.718898836,2004
308,13,770153,0.718146914,2004
309,14,740578,0.69467362,2004
310,15,283009,0.702928175,2004
311,16,749554,0.709333817,2004
312,17,220142,0.69981194,2004
313,18,341617,0.709961741,2004
314,19,596057,0.682886033,2004
315,20,1143056,0.701013774,2004
316,21,544069,0.691498689,2004
317,22,494063,0.697044709,2004
318,23,217973,0.672220871,2004
319,24,643641,0.692991901,2004
320,25,446063,0.693751779,2004
321,26,248618,0.69850936,2004
322,27,536247,0.697208562,2004
323,30,2539614,0.704727175,2004
324,31,1524493,0.690726687,2004
325,32,1371520,0.688237138,2004
326,33,1440449,0.702154675,2004
327,34,1763059,0.690525388,2004
328,35,541363,0.717162052,2004
329,36,1117155,0.710490487,2004
330,37,367546,0.704681863,2004
331,39,494650,0.713906803,2004
332,40,1741859,0.719566854,2004
333,41,1518491,0.714025964,2004
334,42,610517,0.71236018,2004
335,43,895923,0.700538997,2004
336,44,935084,0.725764744,2004
337,45,1310256,0.718306194,2004
338,46,971315,0.723563417,2004
339,47,1101596,0.711346083,2004
340,48,691260,0.703451668,2004
341,49,332569,0.701177801,2004
342,50,1630218,0.660269363,2004
343,51,404774,0.725046569,2004
344,52,779053,0.723333329,2004
345,53,470024,0.717861216,2004
346,54,473399,0.736526693,2004
347,55,477646,0.713229044,2004
348,56,488344,0.731992202,2004
349,57,1214135,0.655315101,2004
350,58,243698,0.568761336,2004
351,60,1077722,0.706208094,2004
352,61,326181,0.705914814,2004
353,62,726561,0.707162922,2004
354,63,515922,0.589465074,2004
355,64,611425,0.717924521,2004
356,65,841542,0.714320854,2004
357,66,560639,0.705066897,2004
358,67,1001300,0.703382603,2004
359,70,815177,0.690007201,2004
360,71,810339,0.644957234,2004
361,72,840329,0.704167058,2004
362,73,797886,0.710231787,2004
363,74,442660,0.698215335,2004
364,75,195302,0.70480589,2004
365,76,451160,0.699634276,2004
366,77,479853,0.695883948,2004
367,80,1500682,0.682740247,2004
368,81,387818,0.671668154,2004
369,82,239165,0.688821525,2004
370,83,285862,0.689455052,2004
371,84,938160,0.679231688,2004
372,85,176399,0.612486465,2004
373,86,472239,0.688052025,2004
374,90,1281514,0.675417514,2004
375,91,273592,0.664270154,2004
376,92,596242,0.678741182,2004
377,93,498345,0.692508202,2004
378,94,629877,0.617982558,2004
379,95,459892,0.623529002,2004
380,96,693999,0.636823684,2004
381,10,5658954,0.711809462,2005
382,11,1077523,0.714036731,2005
383,12,972280,0.719438845,2005
384,13,815402,0.71985352,2005
385,14,746919,0.697743664,2005
386,15,283778,0.702510413,2005
387,16,751951,0.708338708,2005
388,17,217744,0.706673892,2005
389,18,340129,0.709998265,2005
390,19,601937,0.684533431,2005
391,20,1172431,0.704084078,2005
392,21,559134,0.693669138,2005
393,22,498159,0.699876947,2005
394,23,219135,0.672402857,2005
395,24,647610,0.695190006,2005
396,25,449621,0.696139638,2005
397,26,250779,0.702550852,2005
398,27,536976,0.698772385,2005
399,30,2546763,0.706583612,2005
400,31,1531430,0.692976499,2005
401,32,1374698,0.69012103,2005
402,33,1443974,0.704052843,2005
403,34,1774806,0.692033383,2005
404,35,541263,0.719833057,2005
405,36,1116934,0.714533715,2005
406,37,368792,0.707564155,2005
407,39,496656,0.717091911,2005
408,40,1747541,0.722099224,2005
409,41,1523802,0.715465001,2005
410,42,612422,0.714296678,2005
411,43,896099,0.704177775,2005
412,44,936883,0.729225528,2005
413,45,1310674,0.721418141,2005
414,46,973555,0.726470513,2005
415,47,1104106,0.716027265,2005
416,48,693594,0.705303102,2005
417,49,334114,0.70269429,2005
418,50,1650009,0.661261848,2005
419,51,404727,0.730018012,2005
420,52,776725,0.726685764,2005
421,53,469387,0.718290025,2005
422,54,471447,0.739784111,2005
423,55,478080,0.716869562,2005
424,56,486889,0.736118499,2005
425,57,1225057,0.652148431,2005
426,58,253609,0.553959047,2005
427,60,1077807,0.707225876,2005
428,61,326731,0.707266834,2005
429,62,728266,0.709367182,2005
430,63,522197,0.593760592,2005
431,64,610361,0.718959763,2005
432,65,840970,0.717450087,2005
433,66,558794,0.705388748,2005
434,67,1002459,0.705060257,2005
435,70,823495,0.689518455,2005
436,71,826169,0.641225948,2005
437,72,842613,0.705999077,2005
438,73,808960,0.711864616,2005
439,74,452017,0.699568822,2005
440,75,195068,0.706374187,2005
441,76,453982,0.701721654,2005
442,77,486796,0.698095301,2005
443,80,1504420,0.686118238,2005
444,81,395665,0.674873946,2005
445,82,241442,0.690716611,2005
446,83,292245,0.690899759,2005
447,84,947349,0.684647369,2005
448,85,178122,0.617054603,2005
449,86,475763,0.690261748,2005
450,90,1302422,0.677797979,2005
451,91,277865,0.667550789,2005
452,92,602045,0.683312709,2005
453,93,500501,0.693708904,2005
454,94,634374,0.620652801,2005
455,95,464121,0.629120423,2005
456,96,700525,0.64027408,2005
457,10,5695958,0.713044232,2006
458,11,1107626,0.717095843,2006
459,12,999057,0.72075267,2006
460,13,861338,0.723655522,2006
461,14,754595,0.69998741,2006
462,15,283943,0.70232758,2006
463,16,752775,0.710137823,2006
464,17,216969,0.708336214,2006
465,18,339006,0.71122635,2006
466,19,609855,0.686978052,2006
467,20,1209290,0.7059936,2006
468,21,573785,0.697181,2006
469,22,502389,0.702774145,2006
470,23,219949,0.673378829,2006
471,24,654206,0.698474181,2006
472,25,453819,0.698591289,2006
473,26,250003,0.702263573,2006
474,27,538343,0.697845054,2006
475,30,2555585,0.707335111,2006
476,31,1536722,0.695417909,2006
477,32,1375257,0.691516567,2006
478,33,1446482,0.705255233,2006
479,34,1783035,0.694708741,2006
480,35,540888,0.722942642,2006
481,36,1119147,0.715032967,2006
482,37,368934,0.709609307,2006
483,39,496692,0.719371361,2006
484,40,1750496,0.723712593,2006
485,41,1527562,0.717966276,2006
486,42,613303,0.713950527,2006
487,43,899580,0.705554814,2006
488,44,937686,0.731444215,2006
489,45,1310047,0.724177835,2006
490,46,975561,0.729311647,2006
491,47,1109045,0.71929002,2006
492,48,695351,0.707449907,2006
493,49,335447,0.705038352,2006
494,50,1658298,0.667846792,2006
495,51,405564,0.735627423,2006
496,52,773790,0.731053645,2006
497,53,467482,0.718838372,2006
498,54,468373,0.743185453,2006
499,55,477662,0.720432021,2006
500,56,486219,0.740094484,2006
501,57,1225713,0.660415611,2006
502,58,255172,0.558395906,2006
503,60,1076015,0.705568231,2006
504,61,326988,0.707772151,2006
505,62,728320,0.708909545,2006
506,63,527677,0.594477303,2006
507,64,608820,0.720191518,2006
508,65,844508,0.719576369,2006
509,66,557831,0.706880758,2006
510,67,1002317,0.706036114,2006
511,70,828931,0.693374961,2006
512,71,834447,0.645139835,2006
513,72,843904,0.706782999,2006
514,73,821905,0.714766305,2006
515,74,462510,0.702311301,2006
516,75,194990,0.707779886,2006
517,76,456681,0.704566207,2006
518,77,494417,0.701440282,2006
519,80,1510460,0.687956649,2006
520,81,403363,0.678091446,2006
521,82,245394,0.692164438,2006
522,83,300737,0.693443108,2006
523,84,960698,0.686955734,2006
524,85,179850,0.620839589,2006
525,86,478964,0.691642796,2006
526,90,1317500,0.679147628,2006
527,91,281545,0.669313964,2006
528,92,607450,0.685997201,2006
529,93,503321,0.69546075,2006
530,94,635730,0.622058106,2006
531,95,468252,0.630961534,2006
532,96,707171,0.6396402,2006
533,10,5716248,0.713585905,2007
534,11,1126940,0.721177702,2007
535,12,1024191,0.724171566,2007
536,13,896843,0.725092352,2007
537,14,760712,0.703295071,2007
538,15,284406,0.702386729,2007
539,16,749821,0.707870278,2007
540,17,215653,0.707136001,2007
541,18,337147,0.708240026,2007
542,19,615756,0.688319724,2007
543,20,1233446,0.708986855,2007
544,21,583470,0.704236722,2007
545,22,504003,0.708809273,2007
546,23,220543,0.671723882,2007
547,24,658966,0.703476355,2007
548,25,454988,0.700631665,2007
549,26,248496,0.707629097,2007
550,27,539137,0.697998839,2007
551,30,2552894,0.708727429,2007
552,31,1536070,0.697565866,2007
553,32,1372672,0.689295768,2007
554,33,1443011,0.703487361,2007
555,34,1785709,0.684734747,2007
556,35,539542,0.72536151,2007
557,36,1119597,0.711582828,2007
558,37,368915,0.712408007,2007
559,39,497603,0.718609012,2007
560,40,1752414,0.726246766,2007
561,41,1530686,0.717108538,2007
562,42,615538,0.714969669,2007
563,43,902618,0.706837222,2007
564,44,936005,0.732672368,2007
565,45,1308589,0.726769062,2007
566,46,977508,0.73175974,2007
567,47,1113064,0.720844444,2007
568,48,697105,0.709141378,2007
569,49,336107,0.706162026,2007
570,50,1664399,0.669613476,2007
571,51,405157,0.737175959,2007
572,52,770613,0.733266893,2007
573,53,465277,0.720355831,2007
574,54,465876,0.744552198,2007
575,55,477381,0.72383903,2007
576,56,486579,0.74275092,2007
577,57,1225013,0.66360357,2007
578,58,254804,0.558904099,2007
579,60,1073683,0.704475157,2007
580,61,326975,0.706763514,2007
581,62,725994,0.709616057,2007
582,63,530928,0.593005078,2007
583,64,605301,0.720843019,2007
584,65,841683,0.723252103,2007
585,66,554740,0.710664455,2007
586,67,997531,0.710023047,2007
587,70,831438,0.696648457,2007
588,71,835282,0.646105148,2007
589,72,842584,0.709542313,2007
590,73,830970,0.717023479,2007
591,74,469934,0.706284287,2007
592,75,194212,0.711768583,2007
593,76,456061,0.708280252,2007
594,77,494588,0.701298859,2007
595,80,1506997,0.690421414,2007
596,81,410634,0.680031366,2007
597,82,246887,0.690988185,2007
598,83,315498,0.699855467,2007
599,84,970424,0.691144283,2007
600,85,180787,0.624303739,2007
601,86,481298,0.695097424,2007
602,90,1324915,0.681599197,2007
603,91,284482,0.672109307,2007
604,92,610332,0.689940885,2007
605,93,502563,0.69861291,2007
606,94,637806,0.621660818,2007
607,95,470691,0.632232186,2007
608,96,711517,0.638700129,2007
609,10,5710883,0.716024475,2008
610,11,1147224,0.722375927,2008
611,12,1052592,0.724807903,2008
612,13,929250,0.72652354,2008
613,14,769126,0.703503717,2008
614,15,284831,0.702879953,2008
615,16,753801,0.707132254,2008
616,17,215551,0.706700502,2008
617,18,335952,0.707854098,2008
618,19,621640,0.689711087,2008
619,20,1264687,0.708474113,2008
620,21,598664,0.702323841,2008
621,22,508020,0.709015393,2008
622,23,221827,0.672753993,2008
623,24,664830,0.704080742,2008
624,25,459379,0.70023227,2008
625,26,250753,0.708362412,2008
626,27,541425,0.698833633,2008
627,30,2565117,0.710534841,2008
628,31,1541650,0.698185061,2008
629,32,1375560,0.691655035,2008
630,33,1441412,0.704140801,2008
631,34,1795453,0.69560551,2008
632,35,539284,0.72744973,2008
633,36,1122647,0.713887803,2008
634,37,369476,0.714552501,2008
635,39,499520,0.720661835,2008
636,40,1756101,0.7275282,2008
637,41,1535629,0.71807318,2008
638,42,618423,0.71575281,2008
639,43,906877,0.706003129,2008
640,44,936854,0.7332626,2008
641,45,1307212,0.727783252,2008
642,46,978583,0.732366084,2008
643,47,1116034,0.720248666,2008
644,48,699364,0.710216711,2008
645,49,337497,0.708504076,2008
646,50,1670317,0.673275193,2008
647,51,405125,0.739606294,2008
648,52,767615,0.73631052,2008
649,53,464205,0.719279198,2008
650,54,463477,0.745396212,2008
651,55,475984,0.727873206,2008
652,56,487386,0.746619722,2008
653,57,1227317,0.669224007,2008
654,58,252692,0.569562946,2008
655,60,1074239,0.703390959,2008
656,61,327586,0.704013603,2008
657,62,726213,0.705739225,2008
658,63,538330,0.595640221,2008
659,64,603817,0.720753142,2008
660,65,843995,0.720671331,2008
661,66,554112,0.70971753,2008
662,67,996231,0.708726189,2008
663,70,835861,0.697904317,2008
664,71,840905,0.646609308,2008
665,72,844498,0.708189954,2008
666,73,843599,0.719904836,2008
667,74,478146,0.707737804,2008
668,75,194054,0.711183485,2008
669,76,458975,0.708178005,2008
670,77,500378,0.701963316,2008
671,80,1513163,0.690025463,2008
672,81,418705,0.681186038,2008
673,82,249933,0.692569609,2008
674,83,327006,0.700705797,2008
675,84,983486,0.69162347,2008
676,85,182729,0.626134877,2008
677,86,484722,0.695565706,2008
678,90,1335768,0.682039845,2008
679,91,288409,0.672808408,2008
680,92,614869,0.692375124,2008
681,93,505129,0.698100881,2008
682,94,642169,0.623069628,2008
683,95,475527,0.634868262,2008
684,96,719930,0.63887878,2008
685,10,5702595,0.71899074,2009
686,11,1164105,0.726705924,2009
687,12,1078071,0.727880631,2009
688,13,956376,0.730360235,2009
689,14,775157,0.708213949,2009
690,15,284807,0.707345676,2009
691,16,754452,0.710164464,2009
692,17,215299,0.710119415,2009
693,18,335420,0.712184724,2009
694,19,612707,0.707922384,2009
695,20,1289590,0.710750704,2009
696,21,612095,0.704877511,2009
697,22,511246,0.712158139,2009
698,23,220008,0.686243228,2009
699,24,668983,0.706840084,2009
700,25,461854,0.704129444,2009
701,26,251683,0.711037297,2009
702,27,542451,0.702640423,2009
703,30,2571292,0.714670679,2009
704,31,1546784,0.702332711,2009
705,32,1377827,0.696201337,2009
706,33,1446345,0.708575755,2009
707,34,1803754,0.701725402,2009
708,35,539134,0.731053875,2009
709,36,1125166,0.717289715,2009
710,37,370804,0.719638947,2009
711,39,500913,0.724505054,2009
712,40,1762242,0.730449053,2009
713,41,1538940,0.721967718,2009
714,42,620780,0.718351107,2009
715,43,907250,0.710996969,2009
716,44,939090,0.736238273,2009
717,45,1308159,0.731645771,2009
718,46,980158,0.735064143,2009
719,47,1118449,0.723139812,2009
720,48,700690,0.714417217,2009
721,49,338048,0.71449025,2009
722,50,1632548,0.695172822,2009
723,51,404693,0.744035602,2009
724,52,764498,0.74186852,2009
725,53,462951,0.722257863,2009
726,54,462090,0.749222013,2009
727,55,475614,0.73266136,2009
728,56,487120,0.752635901,2009
729,57,1194933,0.696588846,2009
730,58,241847,0.608984192,2009
731,60,1072868,0.707094442,2009
732,61,327871,0.707076869,2009
733,62,726846,0.709946811,2009
734,63,519662,0.628121741,2009
735,64,602813,0.724481722,2009
736,65,845561,0.725046448,2009
737,66,553193,0.713324283,2009
738,67,995125,0.712935561,2009
739,70,835231,0.705470702,2009
740,71,833423,0.660326149,2009
741,72,844590,0.711584319,2009
742,73,851426,0.724526853,2009
743,74,484606,0.712339509,2009
744,75,193647,0.714310059,2009
745,76,461239,0.711154087,2009
746,77,504063,0.706596199,2009
747,80,1516499,0.692721195,2009
748,81,426556,0.683882069,2009
749,82,251657,0.694751189,2009
750,83,335913,0.702458672,2009
751,84,994221,0.693927205,2009
752,85,181754,0.637664095,2009
753,86,487744,0.69848117,2009
754,90,1343954,0.684778646,2009
755,91,293101,0.676947537,2009
756,92,618675,0.696123166,2009
757,93,507777,0.700506325,2009
758,94,647624,0.627183366,2009
759,95,480334,0.638749287,2009
760,96,728071,0.642676332,2009
761,10,5701394,0.721708586,2010
762,11,1185180,0.730819791,2010
763,12,1101743,0.731370202,2010
764,13,985643,0.733666246,2010
765,14,782096,0.711552035,2010
766,15,284970,0.71021862,2010
767,16,755854,0.713464505,2010
768,17,214661,0.711540522,2010
769,18,334934,0.714334764,2010
770,19,617384,0.710585308,2010
771,20,1316293,0.715125736,2010
772,21,626402,0.707968685,2010
773,22,514616,0.714964167,2010
774,23,220921,0.690002309,2010
775,24,673933,0.710082456,2010
776,25,466572,0.707412789,2010
777,26,252734,0.714007613,2010
778,27,544100,0.706752435,2010
779,30,2582089,0.716886986,2010
780,31,1553765,0.704990137,2010
781,32,1381761,0.699791787,2010
782,33,1452471,0.711955695,2010
783,34,1813088,0.705898997,2010
784,35,539257,0.733676151,2010
785,36,1127423,0.719382166,2010
786,37,372137,0.723478181,2010
787,39,502868,0.72752094,2010
788,40,1767601,0.732930113,2010
789,41,1544786,0.724212286,2010
790,42,624066,0.719917445,2010
791,43,912937,0.71362427,2010
792,44,940911,0.737977343,2010
793,45,1309708,0.735229532,2010
794,46,982578,0.737185241,2010
795,47,1122905,0.724981187,2010
796,48,703392,0.716274851,2010
797,49,339575,0.718786719,2010
798,50,1640479,0.699117148,2010
799,51,404560,0.747100554,2010
800,52,761949,0.745904253,2010
801,53,462618,0.72424549,2010
802,54,460756,0.751901223,2010
803,55,476363,0.736579037,2010
804,56,486304,0.756703626,2010
805,57,1198218,0.70123884,2010
806,58,242742,0.617610467,2010
807,60,1073495,0.709589705,2010
808,61,327959,0.709045948,2010
809,62,727093,0.713249887,2010
810,63,525684,0.632026084,2010
811,64,601778,0.726530382,2010
812,65,849692,0.728020271,2010
813,66,552690,0.715963741,2010
814,67,996031,0.715392392,2010
815,70,839075,0.708344308,2010
816,71,839776,0.666018081,2010
817,72,845850,0.71398002,2010
818,73,860246,0.727547701,2010
819,74,491887,0.717130154,2010
820,75,194057,0.716155563,2010
821,76,464033,0.713106611,2010
822,77,509134,0.709337817,2010
823,80,1522561,0.694743265,2010
824,81,432704,0.686185013,2010
825,82,253112,0.69624514,2010
826,83,345067,0.706201984,2010
827,84,1000383,0.697699781,2010
828,85,183079,0.641520874,2010
829,86,489964,0.701798499,2010
830,90,1357023,0.687486505,2010
831,91,297163,0.679196266,2010
832,92,622659,0.699011819,2010
833,93,509534,0.702261282,2010
834,94,655259,0.631803607,2010
835,95,487380,0.642777709,2010
836,96,737162,0.646958199,2010
837,10,5674843,0.726994738,2011
838,11,1203223,0.736160296,2011
839,12,1122627,0.73602363,2011
840,13,1010898,0.739630507,2011
841,14,787653,0.716852472,2011
842,15,284061,0.714881663,2011
843,16,756127,0.717736571,2011
844,17,213587,0.715610032,2011
845,18,333256,0.718117603,2011
846,19,620454,0.715587296,2011
847,20,1338656,0.714376957,2011
848,21,637736,0.712341784,2011
849,22,516855,0.719933057,2011
850,23,222013,0.69296843,2011
851,24,679370,0.714064501,2011
852,25,469652,0.711744015,2011
853,26,253831,0.717835883,2011
854,27,545596,0.71084832,2011
855,30,2585325,0.722216356,2011
856,31,1559085,0.708927352,2011
857,32,1380399,0.705902424,2011
858,33,1452203,0.718066964,2011
859,34,1816057,0.713034888,2011
860,35,538853,0.738585477,2011
861,36,1127423,0.724200234,2011
862,37,372241,0.72971274,2011
863,38,407634,0.71520776,2011
864,39,502551,0.733666832,2011
865,40,1766066,0.738436163,2011
866,41,1548107,0.728671855,2011
867,42,624920,0.724870383,2011
868,43,509870,0.721238747,2011
869,44,939736,0.74272136,2011
870,45,1305058,0.741390804,2011
871,46,981655,0.742508315,2011
872,47,1123351,0.730029172,2011
873,48,704768,0.720536403,2011
874,49,340581,0.724553043,2011
875,50,1646144,0.704529494,2011
876,51,403952,0.752317107,2011
877,52,757534,0.752232903,2011
878,53,461040,0.728427035,2011
879,54,458750,0.755476839,2011
880,55,476612,0.742595654,2011
881,56,486472,0.763118946,2011
882,57,1198656,0.707136993,2011
883,58,244048,0.624635318,2011
884,60,1071686,0.714287581,2011
885,61,328034,0.711880476,2011
886,62,726009,0.718510377,2011
887,63,531018,0.636242086,2011
888,64,601504,0.73080977,2011
889,65,851357,0.732442442,2011
890,66,549688,0.722722708,2011
891,67,990807,0.723638408,2011
892,70,842684,0.71286271,2011
893,71,838914,0.675814207,2011
894,72,845053,0.71738104,2011
895,73,866064,0.732625995,2011
896,74,499098,0.720662074,2011
897,75,194086,0.718681409,2011
898,76,466079,0.716449357,2011
899,77,512568,0.713212686,2011
900,80,1526071,0.698261745,2011
901,81,438039,0.689415783,2011
902,82,254931,0.699385324,2011
903,83,353847,0.709416782,2011
904,84,1012064,0.702983211,2011
905,85,183849,0.645807157,2011
906,86,492182,0.70602135,2011
907,90,1367010,0.690117117,2011
908,91,301467,0.683753114,2011
909,92,626708,0.703215852,2011
910,93,511063,0.705361179,2011
911,94,663485,0.638471103,2011
912,95,493767,0.649061197,2011
913,96,747372,0.652927859,2011
914,10,5673560,0.727862577,2012
915,11,1223302,0.737726252,2012
916,12,1141673,0.737225107,2012
917,13,1033837,0.742197271,2012
918,14,793509,0.719621328,2012
919,15,283882,0.717794718,2012
920,16,758059,0.719403107,2012
921,17,213216,0.715832771,2012
922,18,333172,0.719682326,2012
923,19,625689,0.718339303,2012
924,20,1364002,0.717968889,2012
925,21,649275,0.714065689,2012
926,22,521812,0.72188451,2012
927,23,222855,0.692845124,2012
928,24,685721,0.715522786,2012
929,25,473770,0.715015725,2012
930,26,255174,0.72046917,2012
931,27,548342,0.713476261,2012
932,30,2601167,0.723639428,2012
933,31,1566740,0.710996719,2012
934,32,1386277,0.707736621,2012
935,33,1458370,0.72027949,2012
936,34,1826920,0.71628807,2012
937,35,540267,0.740108132,2012
938,36,1133034,0.724859095,2012
939,37,373494,0.732201856,2012
940,38,412613,0.715961446,2012
941,39,505071,0.73533028,2012
942,40,1774816,0.73894984,2012
943,41,1557298,0.730293752,2012
944,42,629787,0.724716452,2012
945,43,512439,0.723699796,2012
946,44,945149,0.743912336,2012
947,45,1308570,0.74300496,2012
948,46,985084,0.743261488,2012
949,47,1129174,0.731462999,2012
950,48,708350,0.72246206,2012
951,49,342868,0.72611034,2012
952,50,1655642,0.706739138,2012
953,51,404673,0.754174358,2012
954,52,756811,0.75520044,2012
955,53,461294,0.73002467,2012
956,54,457607,0.757256773,2012
957,55,477673,0.745585369,2012
958,56,488120,0.766389412,2012
959,57,1200423,0.710565359,2012
960,58,244356,0.631631718,2012
961,60,1073347,0.71527847,2012
962,61,328950,0.713485332,2012
963,62,727555,0.720278192,2012
964,63,526045,0.652522123,2012
965,64,602601,0.732340305,2012
966,65,854372,0.733493139,2012
967,66,549395,0.724444161,2012
968,67,993702,0.725122824,2012
969,70,846631,0.715329347,2012
970,71,838269,0.682102046,2012
971,72,847308,0.719774863,2012
972,73,874616,0.734500627,2012
973,74,508812,0.719224389,2012
974,75,194042,0.719839004,2012
975,76,468874,0.718401959,2012
976,77,517050,0.713840054,2012
977,80,1534887,0.700568185,2012
978,81,444967,0.691129904,2012
979,82,257493,0.701902576,2012
980,83,360905,0.708178052,2012
981,84,1023288,0.703418783,2012
982,85,182648,0.65892865,2012
983,86,495310,0.708844966,2012
984,90,1378574,0.692123165,2012
985,91,305879,0.684983278,2012
986,92,631920,0.70616692,2012
987,93,514492,0.706535767,2012
988,94,671615,0.642257841,2012
989,95,500814,0.651792881,2012
990,96,757397,0.656450976,2012
991,10,5686252,0.725138808,2013
992,11,1241610,0.73514147,2013
993,12,1156271,0.735070758,2013
994,13,1053158,0.73979118,2013
995,14,797970,0.717034475,2013
996,15,283732,0.713567733,2013
997,16,757970,0.716896447,2013
998,17,212690,0.710235554,2013
999,18,332769,0.715192821,2013
1000,19,629216,0.716958882,2013
1001,20,1390354,0.715407011,2013
1002,21,661220,0.712901909,2013
1003,22,524260,0.718897112,2013
1004,23,224010,0.691268247,2013
1005,24,690226,0.712484027,2013
1006,25,476167,0.713071254,2013
1007,26,256085,0.716094266,2013
1008,27,550937,0.711938026,2013
1009,30,2610164,0.720881906,2013
1010,31,1573438,0.709929467,2013
1011,32,1388194,0.707677745,2013
1012,33,1462028,0.720539552,2013
1013,34,1836523,0.717128509,2013
1014,35,540383,0.739020287,2013
1015,36,1135723,0.72236364,2013
1016,37,374698,0.732672712,2013
1017,38,416236,0.715718967,2013
1018,39,507137,0.735462015,2013
1019,40,1781655,0.737078166,2013
1020,41,1563964,0.730266809,2013
1021,42,632205,0.723002823,2013
1022,43,514943,0.724031592,2013
1023,44,955644,0.743985208,2013
1024,45,1308958,0.741966511,2013
1025,46,984030,0.741041432,2013
1026,47,1134322,0.732087538,2013
1027,48,710860,0.723719157,2013
1028,49,344302,0.727823248,2013
1029,50,1666888,0.704567433,2013
1030,51,405268,0.752667371,2013
1031,52,754862,0.754667741,2013
1032,53,460995,0.728029588,2013
1033,54,456074,0.755747971,2013
1034,55,477912,0.747043389,2013
1035,56,486744,0.765562596,2013
1036,57,1204660,0.710827951,2013
1037,58,246549,0.631537747,2013
1038,60,1073142,0.711127698,2013
1039,61,329536,0.71046259,2013
1040,62,728631,0.716269278,2013
1041,63,532353,0.65124269,2013
1042,64,602713,0.728620421,2013
1043,65,856376,0.73057045,2013
1044,66,548855,0.720529101,2013
1045,67,994397,0.7212029,2013
1046,70,850162,0.711534978,2013
1047,71,842882,0.678976417,2013
1048,72,848066,0.714649567,2013
1049,73,882184,0.730580015,2013
1050,74,519457,0.711889531,2013
1051,75,194116,0.714227575,2013
1052,76,471087,0.716114009,2013
1053,77,520271,0.709409135,2013
1054,80,1541843,0.697592427,2013
1055,81,450890,0.690529841,2013
1056,82,259420,0.699757151,2013
1057,83,369522,0.702345192,2013
1058,84,1031812,0.701691781,2013
1059,85,174776,0.694981004,2013
1060,86,498294,0.707076545,2013
1061,90,1389890,0.690015757,2013
1062,91,309793,0.682539631,2013
1063,92,636043,0.704570288,2013
1064,93,518021,0.702913588,2013
1065,94,678838,0.642010318,2013
1066,95,506138,0.649637056,2013
1067,96,766145,0.65617344,2013
1068,10,5692284,0.722953914,2014
1069,11,1261530,0.733992057,2014
1070,12,1173870,0.733896428,2014
1071,13,1074058,0.738901437,2014
1072,14,803599,0.716399597,2014
1073,15,283568,0.712167805,2014
1074,16,758406,0.71631158,2014
1075,17,212158,0.708792504,2014
1076,18,332283,0.713003675,2014
1077,19,633460,0.716457235,2014
1078,20,1421425,0.71432682,2014
1079,21,674393,0.713140558,2014
1080,22,527350,0.718196644,2014
1081,23,224730,0.691287323,2014
1082,24,695478,0.711550905,2014
1083,25,479314,0.712712335,2014
1084,26,257300,0.712261951,2014
1085,27,552187,0.713879537,2014
1086,30,2620517,0.72002891,2014
1087,31,1579248,0.71018928,2014
1088,32,1391636,0.707762662,2014
1089,33,1465213,0.721031004,2014
1090,34,1844669,0.718051856,2014
1091,35,540211,0.738955704,2014
1092,36,1137049,0.72116593,2014
1093,37,375380,0.732918642,2014
1094,38,418566,0.716606222,2014
1095,39,508864,0.735522654,2014
1096,40,1790049,0.735982088,2014
1097,41,1570300,0.730068777,2014
1098,42,634513,0.721997816,2014
1099,43,517260,0.72445192,2014
1100,44,960588,0.743867298,2014
1101,45,1308318,0.741403084,2014
1102,46,984907,0.740050583,2014
1103,47,1138609,0.732838929,2014
1104,48,713341,0.725216972,2014
1105,49,346016,0.728336262,2014
1106,50,1678284,0.701474244,2014
1107,51,405468,0.74896416,2014
1108,52,753013,0.752911304,2014
1109,53,460400,0.727943093,2014
1110,54,454083,0.753743258,2014
1111,55,478264,0.746472659,2014
1112,56,484454,0.764033324,2014
1113,57,1207699,0.710382306,2014
1114,58,248178,0.632682994,2014
1115,60,1072756,0.710093442,2014
1116,61,330179,0.709506056,2014
1117,62,729522,0.715049032,2014
1118,63,539553,0.650290148,2014
1119,64,602460,0.727170269,2014
1120,65,858988,0.729007856,2014
1121,66,547543,0.719435734,2014
1122,67,995807,0.72067981,2014
1123,70,853217,0.709473674,2014
1124,71,848198,0.677615368,2014
1125,72,849053,0.712551513,2014
1126,73,891071,0.729167485,2014
1127,74,531887,0.705162939,2014
1128,75,194189,0.712275155,2014
1129,76,474192,0.714881314,2014
1130,77,525107,0.707233002,2014
1131,80,1548028,0.697110776,2014
1132,81,456811,0.690878722,2014
1133,82,261370,0.698373953,2014
1134,83,378364,0.699043778,2014
1135,84,1040230,0.700950751,2014
1136,85,177089,0.692679952,2014
1137,86,500575,0.707104829,2014
1138,90,1401303,0.689127905,2014
1139,91,312673,0.682534149,2014
1140,92,638746,0.704666644,2014
1141,93,520419,0.701479001,2014
1142,94,686186,0.643447986,2014
1143,95,511911,0.649745757,2014
1144,96,774799,0.657198835,2014
1145,10,5696409,0.720497949,2015
1146,11,1279310,0.731656909,2015
1147,12,1193711,0.731664532,2015
1148,13,1094249,0.737068985,2015
1149,14,808360,0.714982186,2015
1150,15,283173,0.710191296,2015
1151,16,758655,0.715827352,2015
1152,17,211426,0.705741016,2015
1153,18,331655,0.70951139,2015
1154,19,637673,0.715374494,2015
1155,20,1455039,0.71230668,2015
1156,21,688999,0.711329044,2015
1157,22,531037,0.715654465,2015
1158,23,229435,0.679390677,2015
1159,24,700902,0.709435841,2015
1160,25,482195,0.711973372,2015
1161,26,258577,0.713334906,2015
1162,27,556922,0.710040185,2015
1163,30,2628818,0.7187466,2015
1164,31,1584661,0.709831314,2015
1165,32,1395024,0.707724742,2015
1166,33,1468798,0.720909206,2015
1167,34,1857429,0.716450535,2015
1168,35,540182,0.738397429,2015
1169,36,1138252,0.719839719,2015
1170,37,376382,0.732043509,2015
1171,38,420647,0.717473321,2015
1172,39,510074,0.734850237,2015
1173,40,1798014,0.734900284,2015
1174,41,1575152,0.730173342,2015
1175,42,638819,0.717913838,2015
1176,43,519580,0.723696062,2015
1177,44,964596,0.742859187,2015
1178,45,1308166,0.739595739,2015
1179,46,985203,0.739004043,2015
1180,47,1142737,0.733259709,2015
1181,48,715399,0.725950134,2015
1182,49,348101,0.726938446,2015
1183,50,1728242,0.682173561,2015
1184,51,406385,0.742591385,2015
1185,52,752356,0.749086868,2015
1186,53,459768,0.726377216,2015
1187,54,452346,0.750737267,2015
1188,55,479518,0.744460062,2015
1189,56,482645,0.759319997,2015
1190,57,1277950,0.67144411,2015
1191,58,273764,0.578721088,2015
1192,60,1071942,0.708022449,2015
1193,61,330906,0.706771712,2015
1194,62,730158,0.712884061,2015
1195,63,618382,0.573735975,2015
1196,64,601712,0.724439599,2015
1197,65,863404,0.727346642,2015
1198,66,545957,0.716768903,2015
1199,67,996986,0.71929997,2015
1200,70,867883,0.697744973,2015
1201,71,882146,0.654528842,2015
1202,72,849699,0.710272697,2015
1203,73,899342,0.726665718,2015
1204,74,545454,0.695743362,2015
1205,75,194376,0.709470305,2015
1206,76,478589,0.710716293,2015
1207,77,534719,0.698937199,2015
1208,80,1552530,0.69632342,2015
1209,81,462101,0.690833822,2015
1210,82,264074,0.693805524,2015
1211,83,386605,0.697218091,2015
1212,84,1046772,0.699733084,2015
1213,85,187536,0.661723616,2015
1214,86,505830,0.704774331,2015
1215,90,1410577,0.688365116,2015
1216,91,315923,0.682422616,2015
1217,92,640793,0.704953082,2015
1218,93,522723,0.699829546,2015
1219,94,694023,0.643640052,2015
1220,95,518139,0.650744298,2015
1221,96,783082,0.659053586,2015
1222,10,5686646,0.718576644,2016
1223,11,1293553,0.730168768,2016
1224,12,1211924,0.730831306,2016
1225,13,1111376,0.73594625,2016
1226,14,810320,0.715265574,2016
1227,15,282404,0.708704551,2016
1228,16,757321,0.715017806,2016
1229,17,210588,0.70351587,2016
1230,18,330431,0.70658322,2016
1231,19,640065,0.714469624,2016
1232,20,1483049,0.712226636,2016
1233,21,700223,0.710856399,2016
1234,22,532466,0.715270083,2016
1235,23,229437,0.678656886,2016
1236,24,704399,0.709152057,2016
1237,25,484829,0.712529572,2016
1238,26,258358,0.711911379,2016
1239,27,559017,0.710574097,2016
1240,30,2631435,0.718866322,2016
1241,31,1587897,0.710615991,2016
1242,32,1395567,0.708089973,2016
1243,33,1470341,0.72085659,2016
1244,34,1862965,0.71671019,2016
1245,35,539815,0.737482286,2016
1246,36,1138199,0.71888747,2016
1247,37,377120,0.731181056,2016
1248,38,421625,0.717886748,2016
1249,39,510734,0.734323542,2016
1250,40,1801753,0.733565589,2016
1251,41,1578783,0.72994072,2016
1252,42,639801,0.716586876,2016
1253,43,520363,0.72377744,2016
1254,44,963484,0.740870632,2016
1255,45,1307982,0.738123308,2016
1256,46,985232,0.737886102,2016
1257,47,1145949,0.732869438,2016
1258,48,716873,0.726205339,2016
1259,49,349474,0.725699194,2016
1260,50,1735762,0.679158203,2016
1261,51,405999,0.738802312,2016
1262,52,748850,0.746463244,2016
1263,53,458197,0.724437305,2016
1264,54,449810,0.747709033,2016
1265,55,479916,0.741967344,2016
1266,56,479188,0.754918738,2016
1267,57,1282544,0.668225807,2016
1268,58,275884,0.580015514,2016
1269,60,1066455,0.70693747,2016
1270,61,330299,0.705436589,2016
1271,62,729542,0.711923371,2016
1272,63,631965,0.569082149,2016
1273,64,600231,0.72230358,2016
1274,65,865759,0.726255228,2016
1275,66,543482,0.714748603,2016
1276,67,995223,0.717968737,2016
1277,70,869823,0.696469282,2016
1278,71,885112,0.653525204,2016
1279,72,848567,0.708604035,2016
1280,73,905008,0.724591385,2016
1281,74,556719,0.689353157,2016
1282,75,194069,0.706439462,2016
1283,76,480652,0.709261586,2016
1284,77,539534,0.698710369,2016
1285,80,1554432,0.696785064,2016
1286,81,465931,0.691986582,2016
1287,82,265579,0.692931294,2016
1288,83,394169,0.694821257,2016
1289,84,1050913,0.699894282,2016
1290,85,189154,0.663358956,2016
1291,86,507604,0.70478759,2016
1292,90,1417440,0.689011175,2016
1293,91,317612,0.683850106,2016
1294,92,641684,0.706159106,2016
1295,93,523723,0.700043725,2016
1296,94,700961,0.645512375,2016
1297,95,522279,0.653095376,2016
1298,96,789681,0.660921309,2016
1299,10,5682415,0.715057946,2017
1300,11,1310766,0.72759211,2017
1301,12,1229735,0.727941386,2017
1302,13,1129115,0.73417411,2017
1303,14,813852,0.714325209,2017
1304,15,281187,0.705971471,2017
1305,16,757273,0.71306649,2017
1306,17,210088,0.700701611,2017
1307,18,329722,0.703677644,2017
1308,19,642040,0.713553673,2017
1309,20,1509125,0.709523731,2017
1310,21,711236,0.711448802,2017
1311,22,534459,0.713128603,2017
1312,23,229649,0.678923052,2017
1313,24,709889,0.707664156,2017
1314,25,487544,0.711267086,2017
1315,26,259342,0.708581718,2017
1316,27,561938,0.708975011,2017
1317,30,2639226,0.717809312,2017
1318,31,1591905,0.709931183,2017
1319,32,1397180,0.707549493,2017
1320,33,1472031,0.720269478,2017
1321,34,1869633,0.716889357,2017
1322,35,539542,0.736202186,2017
1323,36,1139356,0.717124411,2017
1324,37,378107,0.730079052,2017
1325,38,423032,0.718557934,2017
1326,39,511641,0.733438094,2017
1327,40,1805910,0.731516521,2017
1328,41,1583092,0.729415599,2017
1329,42,641666,0.714204898,2017
1330,43,521886,0.723169428,2017
1331,44,963072,0.738571986,2017
1332,45,1307911,0.736272575,2017
1333,46,986005,0.736407016,2017
1334,47,1149472,0.732096128,2017
1335,48,718028,0.726478633,2017
1336,49,350782,0.72399382,2017
1337,50,1746840,0.675334318,2017
1338,51,405918,0.734579398,2017
1339,52,746547,0.742972646,2017
1340,53,457092,0.72166216,2017
1341,54,447564,0.744242164,2017
1342,55,479838,0.738957732,2017
1343,56,477100,0.749551457,2017
1344,57,1287615,0.665086225,2017
1345,58,279088,0.581038955,2017
1346,60,1065334,0.704380035,2017
1347,61,329942,0.70294476,2017
1348,62,729133,0.709830717,2017
1349,63,644267,0.56509025,2017
1350,64,599319,0.719283053,2017
1351,65,865368,0.722876279,2017
1352,66,541868,0.71193907,2017
1353,67,995331,0.716119562,2017
1354,70,871714,0.693526776,2017
1355,71,887979,0.651282294,2017
1356,72,852003,0.705471694,2017
1357,73,911492,0.721749615,2017
1358,74,568465,0.682560932,2017
1359,75,193902,0.70341719,2017
1360,76,482375,0.706688779,2017
1361,77,543979,0.696798957,2017
1362,80,1557482,0.696248175,2017
1363,81,469769,0.692178496,2017
1364,82,267491,0.690875581,2017
1365,83,402017,0.692547828,2017
1366,84,1057581,0.699327995,2017
1367,85,190399,0.661127422,2017
1368,86,509650,0.704395173,2017
1369,90,1424230,0.688534857,2017
1370,91,319700,0.684219581,2017
1371,92,643072,0.705832317,2017
1372,93,524857,0.698820822,2017
1373,94,709796,0.647197223,2017
1374,95,527295,0.654354773,2017
1375,96,796239,0.660895786,2017
1376,10,5676648,0.71182853,2018
1377,11,1326608,0.725533843,2018
1378,12,1246295,0.725909997,2018
1379,13,1146092,0.733038011,2018
1380,14,817441,0.71297378,2018
1381,15,280840,0.703208232,2018
1382,16,758733,0.711583653,2018
1383,17,209377,0.697784379,2018
1384,18,328263,0.700209893,2018
1385,19,645024,0.712624647,2018
1386,20,1535445,0.708406358,2018
1387,21,723316,0.711325341,2018
1388,22,536496,0.71070241,2018
1389,23,229914,0.677622937,2018
1390,24,715009,0.706722573,2018
1391,25,491640,0.710143601,2018
1392,26,260093,0.705220825,2018
1393,27,564092,0.707826028,2018
1394,30,2646401,0.716569031,2018
1395,31,1594850,0.709160109,2018
1396,32,1397857,0.706495729,2018
1397,33,1473011,0.719270936,2018
1398,34,1874548,0.716753052,2018
1399,35,538729,0.735456974,2018
1400,36,1138777,0.715472827,2018
1401,37,378621,0.728704958,2018
1402,38,423940,0.718733783,2018
1403,39,512117,0.732197916,2018
1404,40,1805895,0.729215707,2018
1405,41,1586666,0.728441903,2018
1406,42,642773,0.712503481,2018
1407,43,522103,0.722345974,2018
1408,44,963047,0.736417849,2018
1409,45,1307208,0.734336846,2018
1410,46,985346,0.735192511,2018
1411,47,1152282,0.731883341,2018
1412,48,718786,0.726626562,2018
1413,49,352282,0.722636978,2018
1414,50,1763742,0.669033226,2018
1415,51,405955,0.729016763,2018
1416,52,742883,0.738265649,2018
1417,53,455403,0.719626353,2018
1418,54,445090,0.739675122,2018
1419,55,478989,0.735223565,2018
1420,56,475215,0.743657082,2018
1421,57,1292130,0.660414974,2018
1422,58,282566,0.582348903,2018
1423,60,1063964,0.702003075,2018
1424,61,329433,0.700373065,2018
1425,62,727807,0.708169886,2018
1426,63,654676,0.562841772,2018
1427,64,597257,0.71614732,2018
1428,65,866891,0.720107834,2018
1429,66,539374,0.709090538,2018
1430,67,994540,0.714789752,2018
1431,70,873518,0.691582772,2018
1432,71,893151,0.650910092,2018
1433,72,848720,0.703312046,2018
1434,73,917053,0.718995522,2018
1435,74,577964,0.6788537,2018
1436,75,193791,0.700130553,2018
1437,76,484294,0.705247226,2018
1438,77,548815,0.696356696,2018
1439,80,1560433,0.695427487,2018
1440,81,473738,0.69315951,2018
1441,82,268240,0.689725619,2018
1442,83,410211,0.691090683,2018
1443,84,1063501,0.69763169,2018
1444,85,191868,0.657691746,2018
1445,86,510963,0.703058734,2018
1446,90,1432628,0.687972733,2018
1447,91,321574,0.684607586,2018
1448,92,643116,0.70470957,2018
1449,93,525044,0.696781603,2018
1450,94,718077,0.647521088,2018
1451,95,532326,0.654266371,2018
1452,96,802474,0.661363483,2018
